{
  "generatedAt": "2026-07-15T20:23:36.020Z",
  "masterSource": "assets/branding/app-icon-master.png",
  "visualReference": "packages/desktop/build/icon.png",
  "desktopBuildSource": "packages/desktop/build/icon.ico",
  "mobileAssetsIncluded": false,
  "androidManifest": null,
  "iosAppIconSet": null,
  "adaptiveSafeZone": null,
  "assets": {
    "master": {
      "path": "assets/branding/app-icon-master.png",
      "width": 1254,
      "height": 1254,
      "sha256": "142fe4a228815bc133aab976ea055535826e7350e9b687239067cdff587f93bd",
      "alphaBounds": {
        "pixels": {
          "minX": 105,
          "minY": 70,
          "maxX": 1146,
          "maxY": 1150
        },
        "widthRatio": 0.8309409888357256,
        "heightRatio": 0.8620414673046252,
        "centerX": 0.49920255183413076,
        "centerY": 0.4868421052631579,
        "margins": {
          "left": 0.08373205741626795,
          "right": 0.08532695374800638,
          "top": 0.05582137161084529,
          "bottom": 0.08213716108452951
        }
      },
      "subjectBounds": {
        "pixels": {
          "minX": 298,
          "minY": 288,
          "maxX": 960,
          "maxY": 957
        },
        "widthRatio": 0.5287081339712919,
        "heightRatio": 0.5342902711323764,
        "centerX": 0.501993620414673,
        "centerY": 0.49681020733652315,
        "margins": {
          "left": 0.23763955342902712,
          "right": 0.23365231259968103,
          "top": 0.22966507177033493,
          "bottom": 0.23604465709728867
        }
      }
    },
    "desktop": {
      "path": "packages/desktop/build/icon.png",
      "width": 512,
      "height": 512,
      "sha256": "6d08f6f357e98e6795f95a4fc5a0ec9384f57513d98530666555231f42f1aa50",
      "alphaBounds": {
        "pixels": {
          "minX": 43,
          "minY": 28,
          "maxX": 468,
          "maxY": 469
        },
        "widthRatio": 0.83203125,
        "heightRatio": 0.86328125,
        "centerX": 0.5,
        "centerY": 0.486328125,
        "margins": {
          "left": 0.083984375,
          "right": 0.083984375,
          "top": 0.0546875,
          "bottom": 0.08203125
        }
      },
      "subjectBounds": {
        "pixels": {
          "minX": 122,
          "minY": 117,
          "maxX": 391,
          "maxY": 390
        },
        "widthRatio": 0.52734375,
        "heightRatio": 0.53515625,
        "centerX": 0.501953125,
        "centerY": 0.49609375,
        "margins": {
          "left": 0.23828125,
          "right": 0.234375,
          "top": 0.228515625,
          "bottom": 0.236328125
        }
      }
    }
  }
}
